{
    "temperature_limits": {
        "max_temp": 35,
        "min_temp": 0
    },
    "cities": [
        {"name": "Buenos Aires", "lon": -58.3, "lat": -34.6},
        {"name": "New York", "lon": -74.006, "lat": 40.7128},
        {"name": "London", "lon": -0.1276, "lat": 51.5074},
        {"name": "Shanghai", "lon": 121.4737, "lat": 31.2304},
        {"name": "Madrid", "lon": -3.7038, "lat": 40.4168}
    ],
    "email_settings": {
        "to_email": "franjoaq14@gmail.com",
        "from_email": "franjoaq14@gmail.com",
        "from_password": "vvlr axdt clzx jmba"
    }
}
